{"cameraMode":{"drawMode":0,"name":"Shaded","section":"Shading Mode"},"sceneLighting":true,"audioPlay":false,"sceneViewState":{"showFog":true,"showMaterialUpdate":false,"showSkybox":true,"showFlares":true,"showImageEffects":true,"showParticleSystems":true},"in2DMode":false,"pivot":{"x":0.0,"y":1.1796766519546509,"z":-1.389700174331665},"rotation":{"x":-0.043524377048015597,"y":0.7047105431556702,"z":-0.043395042419433597,"w":-0.7068278789520264},"size":19.610130310058595,"orthographic":true}